/home/drew/.config|config
/home/drew/.config/emacs|emacs
/home/drew/org|org
/home/drew/.local/share/Trash/files|trash
/home/drew/Documents|doc
/home/drew/Documents|documents
/home/drew/Documents/CS|cs
/home/drew/Documents/CS/162|162
/home/drew/Documents/CS/163|163
/home/drew/Documents/CS/201|201
/home/drew/Documents/CS/250|250
/home/drew/Documents/CS/251|251
/home/drew/Documents/CS/302|302
/home/drew/Documents/CS/333|333
/home/drew/Documents/CS/311|311
/home/drew/Documents/CS/350|350
/home/drew/Documents/CS/530|530
/home/drew/Documents/CS/541|541    
/home/drew/Documents/CS/545|545
/home/drew/Documents/CS/581|581
/home/drew/Documents/CS/586|586
/home/drew/Documents/CS/591|591
/home/drew/Documents/CS/593|593
/home/drew/Documents/CS/introsec|introsec
/home/drew/Documents/CS/cloud|cloud
/home/drew/Documents/CS/forensics|forensics
/home/drew/Documents/Notes|notes
/home/drew/Documents/PSU|psu
/home/drew/Documents/PSU/LING|ling
/home/drew/Documents/PSU/LING/LING511|511
/home/drew/Documents/PSU/MTH|mth
/home/drew/Documents/PSU/PHL|phl
/home/drew/Documents/PSU/STAT|stat
/home/drew/dotfiles|dot
/home/drew/Downloads|dl
/home/drew/Music|music
/home/drew/Pictures|pictures
/home/drew/Pictures|pic
/home/drew/Projects|projects
/home/drew/Projects|pro
/home/drew/Projects/aldalome|aldalome
/home/drew/Projects/keyboard|keyboard
/home/drew/src|src
/home/drew/src/dwm|dwm
/home/drew/src/st|st
/home/drew/Videos|videos
/home/drew/Videos|vid
/home/drew/Projects/Code|code
/home/drew/Sync|sync
